timestamp,idx,x,y,yaw,r_0,r_1,r_2,r_3,r_4,r_5,r_6,r_7,r_8,r_9,r_10,r_11,r_12,r_13,r_14,r_15,r_16,r_17,r_18,r_19,r_20,r_21,r_22,r_23,r_24,r_25,r_26,r_27,r_28,r_29,r_30,r_31,r_32,r_33,r_34,r_35,r_36,r_37,r_38,r_39,r_40,r_41,r_42,r_43,r_44,r_45,r_46,r_47,r_48,r_49,r_50,r_51,r_52,r_53,r_54,r_55,r_56,r_57,r_58,r_59,r_60,r_61,r_62,r_63,r_64,r_65,r_66,r_67,r_68,r_69,r_70,r_71,r_72,r_73,r_74,r_75,r_76,r_77,r_78,r_79,r_80,r_81,r_82,r_83,r_84,r_85,r_86,r_87,r_88,r_89,r_90,r_91,r_92,r_93,r_94,r_95,r_96,r_97,r_98,r_99,r_100,r_101,r_102,r_103,r_104,r_105,r_106,r_107,r_108,r_109,r_110,r_111,r_112,r_113,r_114,r_115,r_116,r_117,r_118,r_119,r_120,r_121,r_122,r_123,r_124,r_125,r_126,r_127,r_128,r_129,r_130,r_131,r_132,r_133,r_134,r_135,r_136,r_137,r_138,r_139,r_140,r_141,r_142,r_143,r_144,r_145,r_146,r_147,r_148,r_149,r_150,r_151,r_152,r_153,r_154,r_155,r_156,r_157,r_158,r_159,r_160,r_161,r_162,r_163,r_164,r_165,r_166,r_167,r_168,r_169,r_170,r_171,r_172,r_173,r_174,r_175,r_176,r_177,r_178,r_179,r_180
1768013843.6871603,181,0.0,0.0,0.0,1.9852393461362428,1.9815073693838592,1.9904774582587483,1.9852749137972967,2.024328298087174,1.9916285248065515,2.0196348925616863,2.028538362997365,2.0036433855341835,2.025735177721286,2.0456514754784867,2.046198651892598,2.027210377258744,2.046052379769067,2.0531496264342617,2.0754240945355624,2.0860021458190405,2.085155081173349,2.118159616220914,2.1323540095738314,2.126587983560414,2.1589961021368804,2.157842905248436,2.1591565283749907,2.179560588731711,2.192089819975854,2.228403283980208,2.26410149263018,2.250106344121097,2.2742538609633907,2.304332130901599,2.3482638012942068,2.365511808994441,2.3954362581492745,2.403931221967865,2.4310561581213617,2.4700338693522754,2.4941147524240086,2.5304864171822476,2.574411529894886,2.6039611137628684,2.653014619313603,2.6882398776241767,2.7335586988147074,2.775391496436147,2.842554878402325,2.784358788490806,2.7361716195014907,2.6741346041129543,2.6447104396057366,2.5984078158105186,2.582383909270382,2.5542297465426533,2.518519711992102,2.482881583030799,2.4568209716300604,2.409428343274022,2.4042757535999693,2.3480182306410353,2.3163797886900954,2.292434269140809,2.2729365530428285,2.249823677532235,2.242022400787024,2.2180179632853627,2.1942194261496613,2.1858802192645785,2.157734531834094,2.14036968873837,2.1371137566446046,2.1161066727948015,2.1234168583591737,2.1099044151346855,2.0945221935065548,2.0607526799644833,2.061536852559034,2.0595809500831583,2.0676963992976622,2.0468948664230213,2.0186573085366204,2.041768512171017,2.0212391730528254,2.0346253743467844,2.0082831542912327,2.0041747734617013,2.005980795818181,1.9876037355108727,2.004957399353978,2.006366613998378,2.0030433907574814,1.9865089317983002,1.988990187178914,1.987753335020702,2.0079244387522426,2.0117516209717627,2.0196337558527473,2.006612059946903,2.004292744909999,2.0205735066392525,2.0366589836872016,2.0256788869312192,2.0190580737904824,2.034479583716914,2.0377483475859037,2.0425830895050603,2.0838503254918117,2.085771978100589,2.095192451699302,2.099798171655711,2.1273832197766103,2.1229446307585884,2.135441930269732,2.139023465348729,2.1850577703237404,2.1983509488937347,2.2016747453275802,2.231174154981721,2.2323452188377937,2.2518747355761968,2.286484299936333,2.3231564583914195,2.336206576552596,2.364009208900591,2.36573946584292,2.3955012829186773,2.4555119874836757,2.4649058659660286,2.493490668082702,2.531904932988551,2.5589799828070943,2.6027466194196784,2.6606299742598485,2.694585160253278,2.7169091941119508,2.775454965125164,2.8152867039391616,2.7896920548561805,2.7274821973182273,2.6827944051225034,2.640086452239738,2.597827230282465,2.56465034119378,2.554628951027632,2.5105094976418747,2.461934261874316,2.4265138801865676,2.4202940124863725,2.3997860778454267,2.358791308751547,2.3157476173279936,2.29247526364018,2.275985077812349,2.2627184469833916,2.229023246892019,2.2188023893930775,2.2210502862119226,2.173822275890628,2.190403678291056,2.1684484334171845,2.156959988901595,2.1306185569360627,2.1136967041864954,2.093974325467106,2.108336608220272,2.0892874631172353,2.077864069110633,2.080793720768956,2.0713107286099985,2.0573158453729277,2.030334960520662,2.0160688298105005,2.029890466906076,2.0248517386072957,2.014907472062685,2.0191076804882964,1.9905649804102945,2.0006752499172253,2.0039209300059535,1.9929002929061517,1.9927465969981895,2.009894675717855
1768013843.6871603,181,0.05,0.05,0.15707963267948966,2.0633785347769162,2.0681087842441372,2.1054255392156307,2.1012726853570656,2.09839929606362,2.0931931761734655,2.126437460053229,2.149598314312709,2.1326539186884874,2.1499824583098146,2.164740457069915,2.180688921722853,2.18938650310005,2.202384284004566,2.211122835891372,2.2278445387648604,2.2504071012289124,2.279899097282459,2.2884849025966094,2.3180414946077006,2.3342937794192613,2.3690909721662807,2.3890093071021106,2.399298381546431,2.430365306383551,2.485308130476342,2.4866892323032888,2.5419123057482915,2.563240993348714,2.614641593247614,2.637413386458361,2.6760937469502943,2.710731014042131,2.7545340366687316,2.818744841401024,2.795452116385674,2.7573565583744717,2.7139329379650223,2.664243078215608,2.623271671820569,2.565115899514848,2.5444261608272836,2.4968259625860623,2.4591993806480072,2.4409807056290402,2.4141307484716927,2.3823091280716624,2.3641042296169115,2.335774406982613,2.298750327735707,2.2944163144300362,2.235417458153568,2.2453670254758595,2.2238630811429143,2.1892695360470986,2.149895640150505,2.1652102125647454,2.1272903652578794,2.129557930098621,2.102404393725707,2.0965533727619943,2.056691998804827,2.0609771365662097,2.049222613266084,2.0448746618723455,2.043686430475765,2.009484644159549,2.0245555180804358,1.9887545154400212,1.984852578757176,2.0030033070264923,1.986424127388196,1.9885630842427158,1.9711290306383604,1.972420263925882,1.9568855279102666,1.970638755871781,1.9564311493594664,1.969896498349288,1.9521307685928606,1.950304969219547,1.9682930389708855,1.9549712862342332,1.9414432120178278,1.951352948111312,1.9576493524673277,1.9378766263407907,1.9456275057826165,1.9739645365793617,1.957893922813908,1.979176892239083,1.9851658548029878,1.979190517412448,1.9776677028158935,2.007840821609665,1.9991543964778438,2.0211678371314528,2.03085194532693,2.0249591129623377,2.0656043285322263,2.0783750838390547,2.057123628705676,2.0848894986394377,2.0997106384822124,2.102133872213816,2.116882919317877,2.134168497238808,2.1546817589810607,2.1710055013587235,2.207656503052857,2.22013304711667,2.2576329615882518,2.264513456671717,2.302838600280497,2.3320378579938343,2.348156478786915,2.391720092406465,2.418745187200059,2.434066944100779,2.477182403022486,2.504942162304649,2.528998196990136,2.5971421351568074,2.615391391606698,2.6743051850698234,2.7153998484137745,2.7495736468185554,2.713466263468488,2.6530010537313746,2.613349238898751,2.595502542307993,2.5263568866072905,2.5279652992536024,2.4848877693948994,2.434404053701171,2.416060872328187,2.367649960215953,2.357671564617329,2.311788960606079,2.297771118266115,2.2641983092915714,2.2563571806060283,2.2222253235632707,2.1889841083645516,2.179063928459545,2.163419257921752,2.1558930207632674,2.120960668056359,2.117843052875142,2.1056834722649427,2.106700817162984,2.0854980300552777,2.053056555923758,2.030436470326556,2.041900973465644,2.008873361699446,2.0126044127161187,2.006049127458157,1.997674741475759,1.9736568713500995,1.9986570425813301,1.9972986608767627,1.990125055144951,1.9532699182530935,1.949638494446865,1.9498128592264161,1.9648370119700826,1.9615007390174268,1.9720629953276307,1.9396814133367861,1.9539945633809424,1.9610601561385403,1.9686151082430077,1.94537993346306,1.9686481058504437,1.943738934387003,1.9719134279736874,1.967606841348357,1.9812649098214148,1.9640758773738605,1.9770018488671592
1768013843.6871603,181,0.1,0.1,0.3141592653589793,2.207256409135978,2.239743244317653,2.233639072212896,2.2342949677581707,2.276225082643905,2.2784086796914855,2.278773500220302,2.332659540845702,2.332945624822375,2.3742978100965595,2.3866035081141974,2.3853744311303235,2.418554217959963,2.466450295117862,2.485145731752014,2.4853441943672796,2.525469940913368,2.5680088424528345,2.6111463010267726,2.615177006651283,2.6731712121584823,2.708378642214252,2.7245961534279552,2.784986426173227,2.8219613665883805,2.7906343294108096,2.732315296167244,2.6689199561958246,2.6462776650509827,2.610222957276081,2.573847823432499,2.5216122174573767,2.4792121075650972,2.461871963527467,2.3921983147201824,2.3601706082661944,2.33981519203382,2.3244753831802014,2.30663812927196,2.26028869271298,2.2375331723817045,2.207611805795065,2.2125622437883306,2.1816011598983502,2.167716788146645,2.13519208223998,2.122138823004004,2.0987646255333914,2.069007248250625,2.063558268482522,2.055033965648568,2.0446277304695273,2.0350885492246755,1.996845254168191,1.9993231029929772,1.9912417757370204,1.9834145766639941,1.9603566505268262,1.9744071729971757,1.9324216230606734,1.9245083616046152,1.9314217966394076,1.919380192962907,1.9277392651969638,1.933849084815918,1.9177764882371535,1.9012352874079252,1.9138982253989854,1.888453648498874,1.8891545847801676,1.915740743010521,1.884986116101889,1.9109295831035955,1.918667654107699,1.8830766105433763,1.8856669159626769,1.9009685627874755,1.888795583808901,1.9013658829202125,1.8944610011507483,1.9275827820319413,1.911574397057538,1.9244582720399066,1.9307470729960543,1.9570006912782378,1.9433170114686193,1.976648462982242,1.9688233867843703,1.9614662332963597,1.99561246229558,2.0169053600414055,2.0184023582972026,2.0152858473798765,2.019932102633218,2.032592416150951,2.0704933981704645,2.0691749565596034,2.0981107744311682,2.119356186683551,2.1504229068484415,2.171390170131697,2.1559666003163525,2.1936554949784943,2.1979358615640856,2.2396237041606564,2.275970506997159,2.2867910964324123,2.309629847455579,2.3456676834666905,2.367012075934763,2.4011482688344135,2.448499826732235,2.489040072091843,2.5167120434853723,2.538946747900127,2.6091844657360457,2.623597942120984,2.6991452364982025,2.6274857474790987,2.593401802607227,2.5533601927588707,2.5173156841214244,2.4895022423744395,2.455011082515434,2.395586138449765,2.3744023492448028,2.357263539369892,2.3322610662639276,2.2874876736760656,2.2498931888135485,2.249751957266063,2.2297436221850386,2.2046762820901065,2.191931836963954,2.1610271075250873,2.129311001739587,2.0993038928408048,2.079925670454073,2.0762522984796576,2.081979783066793,2.04504598295798,2.0193204353909278,2.0082422795454633,2.003831334602633,1.978575294699565,1.998775266840839,1.974177738281911,1.9766153237415058,1.9717406214731374,1.9600937989186296,1.9518109915230246,1.9461818180987023,1.9213572461590045,1.9312112021015768,1.9064552688514633,1.8968796233413643,1.909449917683947,1.90824853606957,1.9226070040435936,1.9023726659883489,1.9094925820506075,1.9079365593685504,1.9071275971451507,1.915969293997507,1.8849576574874278,1.8996039513290426,1.919517541088961,1.8931022217309883,1.9228936427729626,1.8976923978826015,1.9303963801980275,1.9155832967971609,1.9263183888542668,1.9164840545501263,1.9491824133801248,1.947875140277013,1.9450078162430353,1.9501725794367741,1.972554296292442,1.981022636706423,1.9806475181153682
1768013843.6898162,181,0.15,0.15,0.47123889803846897,2.4256368841698888,2.4272159616466715,2.4397595423856253,2.478638917413329,2.4953976345522997,2.5416097917694382,2.5550989248130302,2.5741793185736532,2.616806391879316,2.67137387664041,2.6885662133283144,2.7339305633115574,2.7786000686458365,2.802652741213682,2.8385266311640396,2.768881368186582,2.702190667370296,2.6679105596472046,2.6154764631211953,2.5812809541745287,2.52743332395617,2.508223583206625,2.456577965869796,2.423701928903718,2.3752940039240316,2.3279227591844185,2.3201754829790295,2.2764356690086673,2.2682636210904152,2.227513400821356,2.1960696303249034,2.1969592220316128,2.152216385512095,2.1426887570543456,2.1244815240153914,2.085464749738443,2.0648697743455275,2.041624738567604,2.0537146571231997,2.044874991105063,2.0243190238213864,1.9803170721026164,1.985317367499162,1.981965962806993,1.97345260102962,1.962238999941532,1.9429679067295142,1.9443568658457784,1.9328552759916486,1.9103554608583533,1.911547205404662,1.905862936909329,1.8672354897446717,1.8656300432334934,1.857682416701493,1.863099389221948,1.860247958365962,1.8519860444449552,1.8719738687934149,1.8525235419815436,1.8641384895192228,1.8610315436469411,1.865991189434471,1.8442067545254437,1.8347885252697682,1.8537385072201145,1.8352307780453578,1.8710605075031264,1.8463754454845676,1.8782857802588036,1.8804065192930794,1.8814608664603594,1.8567438127086753,1.8618618482025917,1.8787455351165467,1.8914713802418792,1.9095520888298732,1.8954249866795303,1.9033482494095983,1.938144047312473,1.9170110296402523,1.9618082072702425,1.9541684158740618,1.9520106531466408,1.9815014489191578,2.00446818849275,2.007857650094174,2.0081777358295723,2.03344401591304,2.044013713392908,2.08911295999482,2.0887958003093594,2.1253997900076533,2.1307728667980177,2.1764564945293796,2.1710896067579464,2.223942815710057,2.2446699082797985,2.245253839994649,2.273925118183344,2.300293948404937,2.3347226081031747,2.3764959827766803,2.4186575430068005,2.4575669810580236,2.5017190372314713,2.541332855149196,2.589148578790227,2.5974055689443802,2.585874883176985,2.5288706160653427,2.4818879243433742,2.4502591538052068,2.41720222423279,2.364615668237104,2.333492634478475,2.311872815135122,2.2954174536363454,2.2718245858893855,2.216492550085522,2.217808298444185,2.177415850796074,2.151145279976742,2.1484513468635904,2.1009228100300326,2.113921311113833,2.0852882541652518,2.077569288032119,2.0506139422477654,2.0242278905464848,2.0226579305627306,2.0141552733064754,1.9879697296160035,1.9527530727000662,1.9503997575296756,1.9650429472372006,1.9443251266465327,1.934346288761366,1.9197165747041722,1.9082929620230378,1.9154647584239246,1.8896374084378724,1.8734309612474471,1.8912842445728688,1.8866374192591002,1.8579245225142802,1.8624195611822483,1.86048080861658,1.8698460783196627,1.873759854472368,1.8559854760742236,1.860069744343532,1.8600547922079795,1.8564957888198084,1.8603747334882905,1.8608910116647093,1.8588981875969168,1.851808882456229,1.8631473086113044,1.8519110530998657,1.867836305644784,1.8830848825385462,1.8616868459399574,1.8871923251274254,1.8818828090607587,1.8915328843812478,1.8965035812093671,1.9235776125809116,1.9078207730687398,1.905762081211535,1.9338880896958486,1.9639736690881837,1.969027060604625,1.9716667197899738,1.9948328944414593,2.0141782774484676,2.0111204961955833,2.0299961006050187,2.0538869176915826,2.0697068345846996,2.0736130463676634
1768013843.6907105,181,0.2,0.2,0.6283185307179586,2.71050730423187,2.7631516487165,2.804065673321977,2.8221941903672025,2.794071796888823,2.7636374584546735,2.677229380686094,2.6264995887882083,2.5827747911241805,2.5494795085891746,2.4921062994538232,2.4464546441221895,2.435183082524138,2.376611760131893,2.337911968806771,2.3108342852470116,2.2770265069106044,2.2417126914819137,2.2105819013959813,2.1979108968609626,2.1543677709923483,2.1511595802851344,2.1395612972358222,2.0929051846324844,2.0631589775823893,2.0422399241330687,2.0474149907236394,2.0310079071577407,1.9956609620537453,2.0051189577623787,1.9774581896780479,1.960186632140084,1.9582944762413277,1.9215980402674755,1.9207146860351285,1.9021192705429528,1.8886820548211214,1.8933649528562027,1.888859859095294,1.8622018353169363,1.83534221047481,1.8462728909975743,1.8299608942319774,1.8515023321215445,1.8291408018474182,1.8383996307639368,1.8056855652425068,1.803665265465458,1.7978383744952544,1.816743150998768,1.8049043928442587,1.818770020329274,1.8173088523768193,1.7855021017463457,1.7904776607455049,1.8015364724463696,1.8115292369076506,1.793419912811294,1.7942515001731554,1.7922986361488498,1.8292196558451643,1.7992859049361096,1.8358393970548985,1.8139720014432505,1.815799780275532,1.8168405735636524,1.8288053026848843,1.860631575510432,1.8536158803750533,1.8616747394095392,1.860479578987452,1.8740069409704896,1.8902150618388727,1.9077590427107372,1.9340285653515816,1.9421422994431135,1.9595528855513638,1.9411247305720027,1.9734365811778904,1.9932475903953895,2.0106111637241755,2.020973557522391,2.0554172306216807,2.0623879441105855,2.0637865133958018,2.1146379030790885,2.1266840506376146,2.138267046255552,2.1715580423148086,2.2161209911280593,2.2217865865274846,2.263117183889751,2.303834989502324,2.3159269960327933,2.3693699866524796,2.39555163722537,2.4385769664859147,2.4774084612667644,2.51659097972528,2.5592648830515463,2.48875393715204,2.455227655628156,2.426494357059544,2.3719919498850572,2.3339314435634715,2.3246025131994497,2.2834466896534797,2.2370311570479973,2.236194427646047,2.1815827892930044,2.186135316326299,2.140792900585464,2.1155041734037705,2.0828323867460004,2.0750042314011603,2.0756919491582133,2.0323660317213763,2.0353411050571686,2.0029818171084055,1.974181316909807,1.964367472834433,1.9613237670403354,1.9372815459828474,1.9291689717433058,1.895805870431259,1.889140364707022,1.909275580903397,1.8984887006274973,1.864729509121676,1.8623462266783608,1.8549640000041894,1.8342210872561162,1.8288824899734382,1.8505386664629768,1.834473273435294,1.8104249415759617,1.8080337414381622,1.8312521380033893,1.7914040591987552,1.8216928019735235,1.7977456189070238,1.7958087768588389,1.8024734839439631,1.782697029891268,1.7991928091663618,1.794003138633591,1.7991709647704823,1.8196399129841712,1.7889621880914095,1.7932527167419103,1.8245187997322243,1.7963258418607295,1.8366475184917446,1.8369767124777774,1.8085123650135608,1.8316685109810547,1.8522360276028964,1.8632566635114913,1.8461837081777865,1.8671130350759833,1.8745017390628549,1.866679131915688,1.8881531891335535,1.9190356093235683,1.905458167741342,1.9102525131899664,1.9593888791159573,1.9507978313265568,1.9546046970667228,1.9723603654888948,2.012122295065322,2.025930314072532,2.0464099540340728,2.0712209688542362,2.0656452926676665,2.1084863622256376,2.1119530708715817,2.1483211535073066,2.1791473790423543,2.2034118089911554,2.2263181158577705
1768013843.6907105,181,0.25,0.25,0.7853981633974483,2.485271265965119,2.4220513047187064,2.396054090711161,2.374098189048922,2.3157029565786895,2.283937941476913,2.2361659880529805,2.2098822709871553,2.2060336672871674,2.1765192966113545,2.1401007951736584,2.100523270467934,2.0865236708272272,2.070656915388387,2.0568905867443004,2.025732230325562,1.9986378903213198,1.9657573509357882,1.965962573033941,1.9666610543474203,1.9133711684403074,1.8970579230176483,1.9181818100038726,1.8928456305350185,1.8708981584279047,1.8545566901510178,1.8362824778412699,1.8258418719950171,1.8225314454934198,1.8398362784420315,1.8044911904183851,1.7898147336218013,1.7990906524569763,1.7717159892952379,1.7957838708177234,1.7733019579069893,1.7543325001856491,1.7679831831027497,1.7672864759929456,1.7554406860084857,1.7415287212587558,1.7692348419265247,1.7631905329975397,1.7465818313330719,1.734427089233708,1.7523339017940598,1.7432736872943126,1.7523294679232173,1.7714832541277228,1.7740246528059256,1.7723528821583352,1.7573690226192014,1.7644334595953173,1.7682318162727884,1.7617099987270297,1.785546575782738,1.77334404791563,1.7868915306835513,1.7896967510127388,1.7887269833257347,1.80645366697303,1.8165177218354733,1.827357014390287,1.8541610987090569,1.8584937402473547,1.8614765027070266,1.88070421672352,1.907214612498132,1.89486116027645,1.9110351796731786,1.936425696749242,1.9481177767723867,1.9640640578932025,1.9914399601211876,1.987929735611075,2.0234876623284674,2.022629884801509,2.048575954973209,2.1013747176713435,2.1189523625782907,2.1325497802890805,2.145604246536107,2.2034561713826433,2.2107606092286662,2.260405161291814,2.27267284779285,2.320913125420771,2.3389272944560804,2.4036634646569506,2.420643915491958,2.479997066089698,2.419660568833245,2.3776578227277327,2.370701411941162,2.3365854834793467,2.281188659502337,2.2444354481432764,2.213162316460138,2.1918750181756206,2.143967575804987,2.146264900531766,2.1185931240694216,2.0858720051713324,2.046249400786157,2.0477989157520837,2.0261275221412283,2.016715393104826,1.9850113698367071,1.9623020376679492,1.9315226513668238,1.9415716518266553,1.8963453376520656,1.916105714443549,1.9004037580410877,1.866223927740455,1.869718199071531,1.831303007398911,1.8322230287797148,1.8171260379943948,1.8236924699312138,1.8153337447417002,1.7965475794790704,1.8072899869221488,1.8010269990183556,1.763766647225275,1.7716606263678427,1.776179731459114,1.751119215435088,1.7563412593000154,1.767346008880628,1.7396185397336863,1.7447164933342025,1.7562980086493027,1.7472230792048473,1.7362792148520998,1.740072141497796,1.748511768635603,1.764368463729289,1.753395778862303,1.7505100595333982,1.7471653420522566,1.77494295334251,1.7578267856358365,1.7665926485377046,1.7833589593003858,1.7672524201435955,1.7744864459974474,1.7934733038307311,1.7943597780891711,1.790802941874094,1.8128361706900833,1.807641516735318,1.8481083947004795,1.837111632017328,1.8497815761392473,1.843760448620545,1.8757395184461239,1.8812497887839559,1.8877760862566633,1.9038986432457703,1.9172976906652612,1.9416415030089447,1.982052882251533,1.992782794559167,2.0142291139181543,2.035086055810739,2.055358376074065,2.0466385182240514,2.084666486616937,2.1111621459953334,2.1510611167632634,2.1639826513745577,2.1907759670137326,2.224884741604487,2.2542596238486117,2.2702055173712923,2.330611112157871,2.370959092589411,2.392569033316421,2.4509306684050927,2.4802885303552182
1768013843.6907105,181,0.3,0.3,0.9424777960769379,2.120144373746505,2.0847446551530866,2.0497447087059584,2.04154877455637,1.9924794277931637,1.9902358734886632,1.977197970069579,1.926230699169667,1.9431465916823265,1.8946445015855615,1.883052532988902,1.8930480767786688,1.842886903811882,1.8514750013215802,1.81572728685621,1.817141499254218,1.8201134825715501,1.7789700524245893,1.7962942273743072,1.7624646170051488,1.7765104198754054,1.769271302190168,1.771479199709113,1.758197344723954,1.7528071607292464,1.7334358748290537,1.7150933841632947,1.734066537388153,1.697767447791957,1.731835966546313,1.7086806026202304,1.703979803982846,1.7179186965132445,1.6918222064982398,1.6854936842712536,1.7003857958662356,1.7161992294221617,1.7020087691702888,1.7049317076283421,1.7186072892835367,1.7090544558241696,1.7212606861017188,1.725820194580242,1.7267626346629745,1.7341590361903805,1.7051279081854311,1.707098649616747,1.7455475112165375,1.7233707126711717,1.7270562300875498,1.7625771538916886,1.7420207236006433,1.7802021969997495,1.7888412767642852,1.787554025212205,1.7824751345964556,1.8242329264638386,1.8041023702075012,1.8279164667978038,1.8539164852081427,1.8621092759149986,1.8884714523446204,1.9008296383586203,1.9215068710617031,1.9445115624925158,1.9553145543763035,1.9817184517217992,1.9833965849797521,1.9938660687835377,2.0220672989444464,2.0380139741561942,2.0695561924814405,2.1150678696840077,2.1322542083686504,2.1436718962860963,2.2024376152939644,2.2141127777091776,2.2634435606688625,2.2911465375125606,2.3113880015374884,2.3605401293754085,2.3979026015376887,2.3612446700461964,2.335156810028387,2.279149631851953,2.2637686723426023,2.2168245694046083,2.203310913277288,2.1641987635726854,2.1127810942692093,2.1122540056550165,2.0693538035014973,2.0568793163860497,2.009788116193232,1.9873893961413716,1.9754327793522193,1.9646725647762644,1.9517984752270179,1.9055472176688872,1.925294946743306,1.8782839669541955,1.878340517395789,1.8624111495756661,1.8371360006072945,1.8520001856956316,1.834857589014169,1.8167005886439378,1.806918206920104,1.7994847176497184,1.7964999068958765,1.7832148527082545,1.7507182995733808,1.7634840457065952,1.739908238878488,1.732844414727962,1.7517407331630535,1.7347766319072462,1.7105564936591415,1.731566755241783,1.709970763739677,1.7089228815340693,1.7168603730259455,1.6966786299731096,1.7144819154156703,1.6952236615687941,1.712291841214718,1.70656834697246,1.719624673353522,1.7042336273381902,1.700834529701983,1.715981436992007,1.7235586782840453,1.7051509849551836,1.7079278018224622,1.7152827177869605,1.7390909875580811,1.7112551856476217,1.7331643368766003,1.7446327818147995,1.7444475893836706,1.7558862725596334,1.7776890378828478,1.7537538520453615,1.7967750611914797,1.794210710261999,1.7829774161781196,1.821357362640651,1.8170818354470586,1.8234712194417424,1.8564582756241919,1.8636237927000436,1.8724901575699593,1.874438665462353,1.9186221523019968,1.9422415561697817,1.9309052745709743,1.9522325081223755,1.9831856905251959,2.010812498087905,2.0292443121783865,2.041886009993952,2.09073595016598,2.1179914924830654,2.117009856482887,2.1382860170655777,2.1853349735374974,2.2259332203569073,2.246099784365778,2.2761820373637294,2.3311642659611937,2.367285542809478,2.401185601524247,2.4408208974213443,2.495030456448448,2.5315094876184894,2.600641169950573,2.649460993620742,2.6977809442055345,2.7790383877878546,2.8226712512510543,2.8521643972592696
1768013843.6907105,181,0.35,0.35,1.0995574287564276,1.8522905481625718,1.8267842197558297,1.8200241433340443,1.8066792297760024,1.7894783699262409,1.7988096006135463,1.7866646103887862,1.7463127297572554,1.733873989434309,1.723144151427922,1.7395236114266523,1.7345211977130826,1.7244550607433666,1.6932902528359437,1.7077304405718765,1.682467339731141,1.691435643244518,1.686298493456865,1.6580510473023,1.6695847479714343,1.6688743141717026,1.6777025944292303,1.6592058543118349,1.6710762081392343,1.6334907315156066,1.645624829639974,1.6681170542580117,1.634153789091159,1.6702010442635382,1.6566572190697944,1.6340797024033495,1.6498159279961708,1.6406831985647279,1.642027201126843,1.6726374202962297,1.6858845335022399,1.6881058939496068,1.6772511409781914,1.6851071971277252,1.7007394571407994,1.6963692922484168,1.7080979231151836,1.7244028736938253,1.7345236951518272,1.7161557847397853,1.722088760052431,1.7552301249251598,1.7512545035281923,1.7481283037175464,1.7608484882276656,1.8084274506591134,1.8118743947756577,1.8110683078086003,1.8377565660327175,1.849051947252205,1.8720369982012433,1.88991673500156,1.8999338920946005,1.940182379080908,1.9258876736490587,1.9816936259742983,2.004854846991081,1.9983902894347871,2.030180638220498,2.0838972271666028,2.094003326554987,2.103645694170216,2.15284945942489,2.187736715195066,2.2089397225410687,2.2606159968213513,2.304844922168738,2.3153153744390127,2.3082746698960737,2.2384577356573083,2.2073665818504393,2.2031153610814775,2.1670568902629945,2.1353358731877,2.0844048691770407,2.049775614434609,2.0424914222894457,2.0165169097615006,1.998757597224968,1.9750339855701569,1.9360244464777034,1.9208879310061648,1.9045130307985534,1.8692379782540505,1.8860248978052252,1.8593248250098913,1.8360003470529962,1.8234168345903763,1.792815342557208,1.8075460398655774,1.779742421646555,1.7531723374811052,1.7515970814459838,1.73055407392824,1.7420117957835612,1.7422073434642,1.708691244524242,1.714186423304867,1.699365742834379,1.6739520692310574,1.6871586363237896,1.6964519482206788,1.662920622464883,1.6829641655149088,1.6551204894654528,1.6735525245073928,1.644898257081109,1.6676997795099127,1.657684832604114,1.6396796866035332,1.669563774481747,1.6416572875922044,1.6304263138450443,1.640369229991728,1.6437458557528213,1.6707890638819582,1.6737477164940056,1.6620600990967151,1.6427933041175466,1.6761188372772373,1.6505788793055407,1.6658394784791213,1.6650171546254589,1.6648644909736576,1.7012172779609118,1.6831435329136366,1.6927127615197204,1.7119020644141525,1.703148280441717,1.7190121364952984,1.7417672887315776,1.7616941027417472,1.7427660493609571,1.7503060678890208,1.7884795440863577,1.7735907629811871,1.7973455462953103,1.8230252099082103,1.8510229204849928,1.8537153549939998,1.8847848180506026,1.9009026795677069,1.9049207957006733,1.9433435922479059,1.9558223593494304,1.9598539965322308,1.9938644329705204,2.0322785034915163,2.0308205425522368,2.053441680722155,2.0758082161302402,2.104881434828362,2.1479473965584543,2.166452811009163,2.219098598632207,2.250514669295387,2.2741900866245506,2.313654604551643,2.3654903925542237,2.4306501698761194,2.4498894970666334,2.5309649781381687,2.5856299990056377,2.624022166863098,2.6940655001663103,2.7219242423565846,2.820587968352561,2.877300854570639,2.8284216317685056,2.7881535869377583,2.7867199208027738,2.7526796705277796,2.7030660993750826,2.7067380971427926,2.674399178099893,2.631901301865583
1768013843.6907105,181,0.4,0.4,1.2566370614359172,1.6987191415228533,1.684079143264056,1.6816125804922473,1.6487575908753862,1.6366057927511553,1.6477064409101978,1.6544017278347452,1.6370439948005617,1.6048840331585184,1.6241673028863826,1.601153807804278,1.6157680776571806,1.625047480853611,1.603096393570589,1.5907500494749014,1.608179078049965,1.5901500738595717,1.6051786513512194,1.5881582223171975,1.6177200098961628,1.607723267766274,1.6163072341156803,1.607957010716345,1.6087631901610655,1.6008033663440644,1.6068577371366541,1.6251661866997364,1.6387663728680182,1.639811348815454,1.6315039287381445,1.6195273038929707,1.6431292620778455,1.650433046461307,1.6373434600711356,1.6601486715649998,1.6637696690064436,1.698198329659342,1.6980935884460504,1.6888801105019888,1.7157565674580904,1.7442782863314794,1.756296436914835,1.7370608500328726,1.7706752583094145,1.768592163176234,1.8121579429986723,1.7923185218631674,1.8394445324458757,1.8542063023444146,1.859980074265038,1.90201986375898,1.921473469761766,1.920562708185876,1.9546846353305936,1.9751319083311099,2.0159128196237193,2.0141327199164833,2.062068583660105,2.1015968438933332,2.1174372551704557,2.1410676530876196,2.2033169527379415,2.2349447310034547,2.244078889252642,2.2085821011201334,2.184793708531426,2.1444441053624566,2.105013981364125,2.09325745989571,2.059825659381205,2.047632938104864,2.018098460630709,1.9828963882241022,1.9361847283105673,1.9492798340872945,1.925916037844357,1.898050470165658,1.8507764355741667,1.8646072199896155,1.8111735741938066,1.828000855274485,1.7870649525719793,1.7963736201438216,1.7545954487813287,1.7511820194408527,1.7463573597795368,1.7201553247803107,1.7115850105790897,1.6989007665341638,1.6945531154262028,1.6875587799261949,1.670506173739016,1.680107303050188,1.664485588675285,1.636932550256651,1.6354416540311432,1.6231265991757906,1.6152416759801476,1.6446233610512473,1.6080400543063211,1.6021368314000313,1.601179905158562,1.6155195297736191,1.6096382532527493,1.5856907806439138,1.6071489188333665,1.605512180584341,1.5960321870413738,1.6104350609837188,1.5875293161859987,1.6203808850511847,1.618590184704647,1.6080805355885022,1.5891905725553352,1.6184069201242202,1.5924479161250282,1.6165102405776226,1.6378588463958648,1.624142869374925,1.6151780382978145,1.6359367221952998,1.6392806886553208,1.6647184492645568,1.6590400045608065,1.6468135260615646,1.6578205538350526,1.6720757791601533,1.6776132871188063,1.683170821473337,1.7285409435423815,1.729016093702645,1.7184493928812017,1.7512401391209595,1.7726263845211685,1.7680051647070643,1.7942743222257074,1.8274170799841392,1.8412149099146302,1.8381433168798404,1.8484999023051272,1.8738925951891632,1.9140602802433733,1.9435780183085458,1.9347576179931634,1.9902708145739447,1.987225466817622,2.034052665502663,2.058694397743975,2.0974153129592747,2.1053381841458423,2.154616693432943,2.1846534702655704,2.210635782449902,2.2518780052481944,2.3097197916265,2.3529769101017393,2.3997837499840924,2.441666812090108,2.471738151719999,2.5591129865388793,2.612698049320953,2.663824758830631,2.7352951115307667,2.7880910299272816,2.8470395100446604,2.845871813497875,2.8480377971868585,2.7998352163004565,2.774093269532338,2.72975979907738,2.7010085135754407,2.71114927635332,2.6742539062859563,2.6572890212872053,2.611874698245547,2.6027920886549714,2.591436748763837,2.5773640747941835,2.5620609316710494,2.553610462500362,2.5155058608626586
1768013843.694848,181,0.45,0.45,1.413716694115407,1.562361442091573,1.5706804776722967,1.5451976288293776,1.5500499598711364,1.5430334386764823,1.5533965132279899,1.5575619164666876,1.5377694583492887,1.5390928701714945,1.5576113933567202,1.5562360575543208,1.544923310189966,1.5434314604569193,1.5524569662327934,1.5494143919244965,1.5734727022288033,1.5736327663778096,1.5680921259268619,1.5643155738453018,1.592350269737759,1.5876912702959327,1.5697558381615555,1.5849576776768322,1.5835153125636785,1.589267661728587,1.601176083555808,1.6089081326699755,1.614787268490248,1.6320599753412584,1.6444445145686268,1.6465065960104104,1.6841518139282716,1.6924798281768374,1.6951924743310256,1.6999228488686486,1.731375006041353,1.7325947799700656,1.7643806307128191,1.7637722452524864,1.7883461042904867,1.8243464216393364,1.8116542249148804,1.8521426255268432,1.8697408990526332,1.896357882496849,1.900342128190011,1.9216165547767863,1.9640038769011272,1.9963657365239926,2.0107779789654234,2.062599336461919,2.0694512410629042,2.115851200118942,2.174626700024525,2.2023260236749156,2.1612999667479995,2.1152454639950125,2.0712998971457877,2.0636577701402077,2.0135944388830236,1.9751606829126014,1.9851942675357548,1.9341320954768755,1.923606168421858,1.9110951981699322,1.8592058437734729,1.8577000763524336,1.8204404131859924,1.8274053608374776,1.8064721180497163,1.7650737745557536,1.7657704014292281,1.7305427354306702,1.732179090564743,1.690824866601699,1.6826888006532192,1.665760814971677,1.6729824751096845,1.6539875054870625,1.6352705463873503,1.636756877091269,1.6411632824287583,1.6337022419320069,1.601946953583526,1.6145024903343403,1.597023829026142,1.579413603944916,1.5704667813837487,1.566575600747302,1.5659995753402904,1.558736033519068,1.582960267869402,1.5809463287837617,1.5749536339070551,1.566171255185955,1.5422915938575685,1.5674031941593978,1.563069051193139,1.5621395666628777,1.5362197353160796,1.5425959527982493,1.551780716367334,1.5533648803375755,1.5494650808205668,1.538880831900666,1.5504257709908718,1.5573416536092621,1.5809811351120513,1.5835016816513607,1.5809380329424998,1.5957438825388404,1.5878827117022978,1.585208295366594,1.6115738840721954,1.6000783267247731,1.6061146781931561,1.6098854279577084,1.629042763900087,1.6488130599130013,1.6663221373169939,1.6414560102706937,1.6561849805646414,1.6730001247192767,1.700911323861825,1.6919425254513059,1.7217170249725209,1.747449758731055,1.743163268741564,1.764163835702288,1.7946416301151433,1.7907767127559122,1.8420642742540263,1.835101016087365,1.863113842155891,1.878282704642776,1.929503411658106,1.9495210094442317,1.9548768727851482,1.9771238083568827,2.0402504435660767,2.046665006025632,2.08150338423374,2.1051563804468865,2.1382914862009255,2.1846781324237976,2.236525387285961,2.2912578093203244,2.332139263646189,2.348877056696929,2.4021818599863396,2.4743553624456123,2.505491802521355,2.560414109070975,2.624853307774009,2.7016413102467234,2.7521816321660615,2.840541149837657,2.9062355260350836,2.8735479418348993,2.841156768756831,2.7897921046666703,2.781920376371051,2.762702164719527,2.7362544127288193,2.7201592580101535,2.6723188343786144,2.656918876414021,2.6329586066519464,2.612842711985324,2.6198765923751997,2.609354963094443,2.568454358584207,2.571414064207273,2.556597270012803,2.535295376377609,2.5361071602099283,2.5270244695314257,2.4970381813046987,2.4879032728302057,2.4876234904137133,2.4739423211170233
1768013843.694848,181,0.5,0.5,1.5707963267948966,1.4945918780964906,1.496379760820422,1.5179044245533282,1.4985988282541352,1.5103550706601037,1.498270330937056,1.5094635070369316,1.5270185169068164,1.5129748659810165,1.5255305535863206,1.5053626999195657,1.5286354244752007,1.5287046252038838,1.5459116005585543,1.5498914413392908,1.543815455200741,1.5635294733019012,1.5491982819223333,1.586763854021415,1.5957820815438932,1.5975551386440965,1.6084917193643087,1.6313175016601253,1.6298738656261982,1.6533857794627724,1.6466486382675374,1.654605605979298,1.7022883858526658,1.683252825325529,1.7047835951760857,1.742326747669423,1.7544229819458828,1.7706249443724797,1.7692755024634332,1.7983539699802373,1.830188480845703,1.8726462472149528,1.8881561401367966,1.898424353628845,1.9401030425521408,1.9434298895565352,2.0020799008670522,2.018791164991115,2.037537628047747,2.0716548563559787,2.1013535465112896,2.068142008393169,2.059477512015908,2.0226772168691536,1.9844598010313623,1.9650201260575946,1.934514640636562,1.9034419265115337,1.8931548210195077,1.8647711648599847,1.8510566181645551,1.814672935652817,1.783429518636597,1.7631775802538585,1.7423259927002968,1.74289642818782,1.722220692694364,1.7126245820847525,1.6932150985255354,1.6628884432594424,1.6625115807493565,1.6584724333850074,1.6320467390384232,1.5992194662490662,1.6234485008447186,1.5781667747344275,1.5852567534848134,1.5953480620444678,1.5488005772774267,1.5741689274351343,1.5494451155859401,1.5362449441191472,1.5199113315207626,1.5219476783528958,1.520622439569188,1.5172548645450157,1.5258732942677125,1.5219136726520166,1.506236368810752,1.526496272884395,1.4886706478035605,1.4874267338005442,1.4822092491850836,1.4847285589733281,1.4877094807320823,1.4971645886303977,1.4926851616580092,1.515472627736694,1.5189873256209812,1.49677583422473,1.5235724185154742,1.511888989218259,1.5239671949323228,1.5228111361177021,1.5201171988018505,1.5347048241305687,1.521978509784092,1.5195276774906787,1.5252678674943714,1.5627204831219166,1.5600321282554894,1.5470676971176054,1.575002990781826,1.5699261071282127,1.5905160418586237,1.6095051232380726,1.60342585649562,1.6112943930300188,1.6448898152646954,1.6332253049837235,1.6450186996959018,1.6669657882817552,1.6641900330869752,1.6903443314818374,1.730441515777387,1.7224882834854454,1.7312612280020827,1.7598873335720153,1.7902825148804882,1.8005431519178319,1.8406858960899506,1.8519446603063643,1.8858720226764853,1.9223154480408755,1.9371480545145396,1.9565557302776784,1.979231671771851,2.0025049150031617,2.0613161841907477,2.075822164880093,2.1297235400791115,2.143419901746407,2.1842896820329494,2.2365717476716256,2.291687014552041,2.33129167998634,2.371762402428806,2.423984207368242,2.4995019612261715,2.5458351074588603,2.6067305957978393,2.67066586756814,2.7717197173562336,2.833629284437825,2.904177012795869,2.8843094302782015,2.864329144195611,2.84092347703678,2.7858548082420436,2.7844680083784907,2.7758084259316202,2.720222371917524,2.705919772425196,2.707964314789356,2.664978989483276,2.6774659814612822,2.6391659966920864,2.619799930683465,2.6030638315912005,2.5999843264123865,2.592555696563076,2.55995104872259,2.547357469399985,2.545921436484468,2.5647039129970954,2.523724280205211,2.5176621605872147,2.5316072535008995,2.5157875495567077,2.5333075232777484,2.496240612268823,2.4949143939227176,2.486325308336792,2.492962346999532,2.4987988148737963,2.5173328120718756
1768013843.694848,181,0.55,0.55,1.7278759594743864,1.4661032254312336,1.4721480244600837,1.4967762152882638,1.4992619604867885,1.4951431510834852,1.508928133175542,1.5193972418020696,1.500920273906624,1.523014113811018,1.50567469413851,1.5371707792635108,1.539932104837426,1.5524410805853197,1.5450610902565196,1.5608229093080423,1.5826726482560287,1.5801360774212123,1.6118777517781437,1.6437385975283945,1.6597551527220573,1.6751207382845321,1.6647372405220973,1.7096622099222145,1.7093918747856343,1.7206761527375831,1.7615932257345095,1.7566308316617005,1.8115998637659647,1.7982801589147954,1.850119966034214,1.853370417927857,1.8872886352485587,1.9049576427646409,1.9650512397605822,1.9913745001102134,2.0226156752454103,2.052230212025254,2.0140792753879984,1.9977684240003741,1.9565137062234523,1.9278938606213074,1.8994573566435502,1.879505202924851,1.8376411921420182,1.8018079538717149,1.7841492162543178,1.7644111081731364,1.7333449118997997,1.7104676275987722,1.7245496755729337,1.70334945409311,1.69292493299833,1.6654613309220205,1.6331252176881454,1.6127766453457701,1.5965411003706296,1.599269957594023,1.5904769249492232,1.579844769032228,1.562234773161102,1.569365407485886,1.5562614734821876,1.5436265414909796,1.5153931423341631,1.5299364725979807,1.5173067775818907,1.4889013524426187,1.474432842198376,1.495253999086017,1.4702301379727796,1.4924820967211012,1.4609751532791233,1.4689122408822521,1.4837820932102808,1.4589173720722755,1.4510504117186858,1.4703685301109346,1.4735321555922858,1.432945644233993,1.4611202822199145,1.4679429007667308,1.4623895716698325,1.4530333658989694,1.4489368826471236,1.4462950772851817,1.4648471666687808,1.4546032503092716,1.465265061068628,1.453969614126286,1.4663650252646447,1.4544924439931908,1.456686378118309,1.4728156436624706,1.4931470420311264,1.472257058899893,1.5117502268519654,1.500820621007669,1.5201023701265124,1.5304982900051014,1.515874602527593,1.5490161677225915,1.5500043562814294,1.5620673356201287,1.5818364035481602,1.5612836397991476,1.6002542807662787,1.6135086779004313,1.6202225097371037,1.6436263187510223,1.6428135334873633,1.6741555392780543,1.6650358916075019,1.693863592844805,1.7088458346391928,1.7223204132994712,1.7501351226669288,1.7713028549121284,1.7918118826039167,1.8064001636901692,1.8446799417287703,1.8483790654297658,1.8785466219455178,1.9406350537076256,1.968479874101703,1.9670962616966206,2.031163315741704,2.0619172629840667,2.082395201729516,2.1214828739120972,2.1691771885614606,2.2008965012881236,2.2651211239944478,2.3112588179778952,2.3736658465768494,2.426997964852283,2.4719206002084877,2.5399074702280897,2.6067894639177904,2.6771226318354464,2.747911765774582,2.81794050285156,2.9011741743545523,2.8973579125122617,2.8907907676418354,2.863839288908299,2.820606976301193,2.7965934216066346,2.7719899581650687,2.781956246471913,2.764799765433777,2.7213016173211946,2.7324497005592447,2.6896597991074715,2.691551075282252,2.6845667757842047,2.6596956219120425,2.656006637047901,2.626671031755704,2.6207489025697672,2.618690816804709,2.583573947177319,2.581594252399716,2.580428583457495,2.5897605089920375,2.5818490863501324,2.5459461761827087,2.560836750470562,2.5513852279197717,2.5368117842440183,2.53257179595654,2.534298466525205,2.568592055257306,2.5489043614991282,2.544028949935432,2.5469143102737317,2.5615836863125185,2.541109896394487,2.582553040702976,2.573103160748237,2.5717574610937666,2.5709644060887897
1768013843.6964316,181,0.6,0.6,1.8849555921538759,1.4787353012433642,1.4760685773473845,1.5020063012593243,1.5090315144847652,1.5285798417477638,1.525260322442364,1.52368652004122,1.5443917522651156,1.556909022042377,1.5807896788642055,1.5841286398674657,1.6167775275444878,1.6246126349258976,1.619198287103518,1.659616174202382,1.678840581181512,1.6718682035045815,1.7150692026373806,1.7168432717580233,1.7355092496966171,1.773533925820341,1.80183640993686,1.8389976652920457,1.8403219493545953,1.8826071470339352,1.9216488249649868,1.9300912366536411,1.976722298490153,1.9592938489169092,1.896652659151297,1.895100106314881,1.8368868978134725,1.812279402714171,1.8018022609444695,1.7723979897585547,1.7647147494100268,1.7286619882473762,1.7170899293050743,1.671261519047479,1.6828132454212816,1.652675798583313,1.627123538995417,1.6269210790615087,1.615089484982381,1.5756242824245408,1.5746867250028533,1.54338229510995,1.545139155463315,1.5362025124061105,1.5171930646148046,1.5291324242521243,1.489170451491093,1.5028370894948875,1.4678163785324214,1.4871321764927783,1.4448140965137126,1.4742948439145076,1.4294331780603429,1.4537610655018707,1.445928856862961,1.4439332241811202,1.4314798097528736,1.4092889700136089,1.412386791680222,1.408757966144182,1.4211934953917387,1.4126372878703333,1.4070551630974073,1.4103688143840245,1.3884777608170145,1.385369533038118,1.3944530585938688,1.3833406283205774,1.3897894962671622,1.3878670542613318,1.4158258553542546,1.4144429257997435,1.417695400022142,1.4120031252899878,1.411511162749311,1.4150014987444264,1.4077524925506226,1.4164325773813147,1.4136398485913637,1.415287231171263,1.456291483445339,1.4541822630845034,1.4368481914548064,1.449935782640971,1.4600810339753412,1.4887732973297914,1.4704718121352889,1.4967968497352966,1.4951040283910402,1.5142257271835748,1.5096875305660384,1.5443769013852149,1.5559170159490263,1.5598676843958972,1.5565250498685226,1.58983605596713,1.6025165836095578,1.6299255260499246,1.6446135515128244,1.648510785606957,1.6706825282307214,1.677379323256644,1.7007127580368793,1.722882110986387,1.7405042800393347,1.795547609800446,1.794541303332834,1.8359355250072023,1.8671168026586906,1.8763923366011421,1.914805010663954,1.9452948823528688,1.9935915914408873,2.0205908049981747,2.0644041704236824,2.1060464252696844,2.1194414151634247,2.176542524387778,2.209767977005446,2.257271740589707,2.314505955382938,2.3777293857635877,2.434092448509753,2.510211282439299,2.5691800124500364,2.639903511900681,2.7151718621689462,2.817496124764625,2.898878537225618,2.9275653322536845,2.9079284624717543,2.8815967966338722,2.852664372678974,2.842290090991329,2.8233131703974585,2.8175360488985586,2.787251726677691,2.767420310267862,2.732038478231943,2.741065777946632,2.735123229488877,2.695234407752693,2.68563514502143,2.6665285734402233,2.6640553533228646,2.6755930736240434,2.6615015249540774,2.6236618580350584,2.633262862157564,2.641828902881248,2.6281517175705993,2.618410834261793,2.5915929100593793,2.625776602160087,2.588517018728224,2.5996394946854333,2.618602986424418,2.615925268185702,2.5901938408772938,2.6160401324167735,2.619714845888537,2.6162686221630076,2.594328287870644,2.626061065984536,2.636384097379796,2.609831441323418,2.634163657428975,2.6461549254250887,2.6555922874921,2.6681730408235036,2.655501843274069,2.6777545036619834,2.674937077511642,2.7146918390180206,2.724705341747691,2.7283878664576244
1768013843.6964316,181,0.65,0.65,2.0420352248333655,1.4992906529800807,1.5403349404181774,1.53993459582364,1.5703782947796814,1.5627244684215438,1.5967643991249252,1.5898984035079515,1.617872429888491,1.6462809382487675,1.6606346120778168,1.6880964081509933,1.7053903147933107,1.7359650678692233,1.7669181873444244,1.8074710024540404,1.8125195581276168,1.8331324244976912,1.8942131572272596,1.8970206993194851,1.8795754126070157,1.8309752005530486,1.8251597401851791,1.7875772404152261,1.7490143169671741,1.7503351376745055,1.7265703585172163,1.7052359767048606,1.6519173738469877,1.6500521741440304,1.622088418858701,1.6001937969891422,1.5926311703324105,1.579777561292279,1.550984741552014,1.530187249473962,1.5251693968685625,1.5038174862715092,1.508376586815734,1.4851795300205373,1.4586538805370792,1.451759958465735,1.461786934680482,1.4419422187902073,1.451425938961673,1.4439130256343253,1.436885019367585,1.4013858306827096,1.4214447734407938,1.4109791885731089,1.3917631259579635,1.3799386466389008,1.372102178154234,1.3605175177327729,1.361385218251321,1.3712860414589876,1.3510205450289443,1.3595874228681457,1.3709831801477668,1.3368129481298963,1.344469246285451,1.336943283086937,1.3327817978895729,1.3603341241284728,1.3368056515645683,1.340829026546508,1.3314502971429425,1.370080248201183,1.35583441665557,1.371570724322631,1.3663552798567773,1.367432981878731,1.353937700077499,1.3800628233147423,1.3526605666904858,1.3901975888674545,1.3795327512853188,1.401682857072488,1.382021550397838,1.4002609401399642,1.4136368677517657,1.4226017102887298,1.4022477664305313,1.4176793915634032,1.4539401118379778,1.4560200719262537,1.4443268316463895,1.4814531276899543,1.4872309665152015,1.5005136717005632,1.4990082078437525,1.5087737192140687,1.5092574131366152,1.5459102224259393,1.5584651829458547,1.5773114022731698,1.5778094745599482,1.602672894217105,1.6170367022821208,1.6437714505171532,1.6522763192980314,1.6716204020823446,1.7217145831271594,1.7569272381501428,1.7745258313200991,1.788490994106878,1.8203117108589155,1.831535295407188,1.8751385248011154,1.9200436987490017,1.9375288571196947,1.9961349428417192,2.0136524049007445,2.0579725708760943,2.0904346103595977,2.127824662298332,2.1871006060457243,2.2546581784818156,2.314519655238692,2.3473456512203206,2.420216659504065,2.498429059266429,2.53299041163577,2.611812419549111,2.7065008064719116,2.7872675391516157,2.879765857942296,2.9685196498135666,2.9681242874708036,2.9340166601086897,2.8963698826372104,2.8955279780163234,2.8504382537633344,2.8383976807952087,2.831736044137532,2.787528817237589,2.7732631641576457,2.776616610002474,2.761479835897795,2.755054497473284,2.7137593867156626,2.7103317392671897,2.698212948077496,2.688993450330488,2.6850327664857643,2.6639374250909826,2.6749638499440023,2.658258098980619,2.674904732986898,2.6663027212398616,2.655264016013182,2.639719531531901,2.6603839288240465,2.6421661523794104,2.658292862428337,2.6461016483765962,2.642323819499681,2.6341284781673884,2.6494586643351155,2.668257864440596,2.6758375726734545,2.6579110575857414,2.6857658692207456,2.6941658929614825,2.6813930169249445,2.718751641185461,2.702845060679617,2.731743548433671,2.726221473092596,2.73489496316083,2.745936749642818,2.776281685116427,2.804519696017811,2.7921443486188586,2.8233910469902668,2.8278157743808516,2.8551066527100564,2.8680853476589268,2.882773949252694,2.925949021396236,2.93675028171353,2.972092789803553
1768013843.6964316,181,0.7,0.7,2.199114857512855,1.6110852265428073,1.6220244175428606,1.6377652144462418,1.6909318466805128,1.7126597874170015,1.7256383578699073,1.751862092004358,1.7860142691983283,1.824341421717685,1.8220734281148667,1.796476807836858,1.7844700822603934,1.736379718327204,1.7039230254956161,1.702340122472835,1.6751898436661679,1.6477526308138568,1.6194197479615917,1.5919089894328822,1.5985708386043262,1.585659950729876,1.5489075141089235,1.5208567981613672,1.5235157599465954,1.5192191940140523,1.5063261083983828,1.4551838525875909,1.4773213693691303,1.437017415102501,1.4224620362039433,1.4060332283565449,1.4184877981921489,1.4029901932329525,1.409815120562803,1.3940983186532334,1.357063217837426,1.3577269942696095,1.3418490982978395,1.364603268642846,1.364671610872019,1.3425977524958876,1.331762619078393,1.3264959509168348,1.3297493103057176,1.3395591563887908,1.3243421367015733,1.304941971419026,1.3223070044823648,1.3240052631104209,1.2997615497267652,1.2918493765034458,1.2941143534046253,1.3123959666489886,1.2893062502536499,1.3002346897897907,1.2896990571257234,1.2968390826498366,1.3133146830028213,1.3098053208571385,1.286640771588773,1.312658406429336,1.3079430503716876,1.3090192997278443,1.317236800641137,1.3024899442661166,1.3164156433160197,1.3129040542524264,1.3475832738061404,1.327480982123543,1.3495662061498428,1.3502169114121878,1.3446379252089258,1.3779215023251452,1.3699219933568034,1.3897094994769932,1.3925223970751446,1.383184764216366,1.4088186188177307,1.426882102730915,1.4464101493011376,1.4585725955066782,1.4468693761900246,1.485496124781022,1.5020393458795185,1.5030579436627496,1.5359262162783278,1.5278101848975376,1.5491908219233261,1.5692361136173465,1.5822592238539224,1.6177189700847534,1.6079003443116475,1.6574899275462145,1.6607736798882753,1.7127772337524345,1.7200318287394154,1.731269307936043,1.7835443997821496,1.803578336441572,1.8322605421290619,1.8567777209707708,1.901238142604649,1.9611499020407284,1.9620983321884222,2.0155325116857505,2.0568790808977155,2.097020440996186,2.167672773845562,2.1950479930390903,2.2537747676581965,2.3382197805353715,2.4016583031528405,2.4495503809413655,2.5152279622747633,2.613840062345008,2.6657032912731973,2.7634708841298017,2.8834437616285573,2.9787858498787125,2.9701933151682587,2.969902848687376,2.9132650966358127,2.916338328882949,2.88824024141338,2.863163573778916,2.8662597189011456,2.8371614353010175,2.808113744916772,2.808865971160043,2.784814243930053,2.797781854207384,2.7880158344356945,2.745437597284414,2.7519750020590683,2.7400161545036563,2.744272919279551,2.7447953488597308,2.717847470206653,2.7222138693367377,2.693376641136338,2.6933706313501666,2.6917985543013367,2.705983748014294,2.681155639941823,2.7110216326136563,2.6828326107354696,2.6946866758491073,2.7098026486290103,2.694265659675886,2.706192342373899,2.7254339604848465,2.7194934372170514,2.718984630861972,2.737536394680429,2.7218482503865973,2.7391022900501687,2.762037017369648,2.7687218418538695,2.7979668560179323,2.807475818366922,2.8119993364543925,2.8399180887518107,2.828666646819035,2.836236830123604,2.871666489387449,2.8730343994644603,2.8961478845272595,2.928382613281128,2.960026347025448,2.962285707921263,3.0203642765202128,3.0382190046467037,3.038078924433489,3.0727359225134507,3.11712310997721,3.143889451742688,3.1981056540286112,3.2128840291112373,3.2725825044143737,3.2822392963063205,3.327636210730213
1768013843.6981857,181,0.75,0.75,2.356194490192345,1.75426108588475,1.7506913017093293,1.6891887704385113,1.6930100364492695,1.6394477455339271,1.6499517862185489,1.591697194727937,1.584376830007164,1.5637108158004485,1.5489763316678056,1.5301579132898209,1.4961105852876622,1.4781565807331594,1.4896175830033194,1.463539653067979,1.4298934626411448,1.4445239420118718,1.4259254584390777,1.4048809759033005,1.4087192844326684,1.3740686741450128,1.3762628509713142,1.347320341966187,1.3638867022736771,1.357428031790599,1.3377464239122856,1.3204542122504375,1.314834387831187,1.3194755049442661,1.3144710040682521,1.2896764673212402,1.2813000276459021,1.2915175489663984,1.2740438840475834,1.257242969768783,1.288590147162055,1.247569368869139,1.2651988651360353,1.2670985377669048,1.2468332104081719,1.2565264710978858,1.2538758663189928,1.265515980426196,1.2463460327246283,1.2700783228293715,1.2508524734856215,1.2434587845838931,1.2650002037428258,1.26855634953506,1.2522845493309394,1.271048175735296,1.2418155387661778,1.272298112878042,1.2573320511862782,1.2773475857344085,1.2822102952865009,1.2705618281570645,1.2831461506044999,1.3003901650856333,1.2827825486462028,1.3099532814231651,1.30472898715263,1.2896127708158298,1.332543041505433,1.3151386853965477,1.317630308150152,1.3506818083849848,1.3479433765232651,1.3658761311298113,1.3573711899332463,1.383681758002563,1.3877631136972146,1.4214357653004654,1.4138366191993434,1.4303506776730737,1.462469838257461,1.466867419413058,1.4607466679132246,1.4828474154956568,1.4882487481351465,1.530678806317162,1.5347067494211948,1.5798756184552873,1.5804098388986607,1.6175642189299024,1.616605816015567,1.6538054261683528,1.668263120815065,1.7043526124294794,1.7473355524646492,1.766492172393757,1.8147842607991382,1.8244209350003893,1.8663316541356718,1.8903643130183851,1.9495601661617232,2.0012646570051422,2.0181369938967677,2.078923325871013,2.1216638440351123,2.177408376863768,2.237619669057698,2.2900264382337654,2.3709168277490695,2.4328129707492043,2.5135125549951445,2.5932443277976396,2.653871090526772,2.7628423236952444,2.8507679250781583,2.96159303887692,2.990877470418173,2.981567869388704,2.950949753965088,2.94098038335202,2.93022922534179,2.9146759643430147,2.8768477939378037,2.882739072032558,2.8554358683909307,2.84263055792521,2.8523027852440177,2.8277801442335164,2.8144193986346364,2.7916643821854885,2.7864157890173513,2.770606442452189,2.7789244139659126,2.779855304880211,2.747096613835541,2.757516602331908,2.7570121055232626,2.7480428696710386,2.747252726831618,2.736794221656672,2.7638334591676177,2.744964474561749,2.7380175712591153,2.7678789127019856,2.756354998970087,2.774659144193531,2.7769950977887214,2.7711584361132893,2.787927906590425,2.7816342512224623,2.7872665298962933,2.806707202681406,2.825813694696523,2.819856673835778,2.8365774383151043,2.8289759924782083,2.8741835346037585,2.8789940573469917,2.8818304861860384,2.8961794075830336,2.925767239788975,2.960691547894139,2.962550808351956,2.975638390074342,3.025520763876947,3.041254980870724,3.048146839610025,3.082290142980002,3.112523146276451,3.154428592654702,3.1784827770596267,3.197750287995154,3.2470747916138123,3.2751176771045456,3.3107753759135212,3.3739384195436677,3.405524020972113,3.433153997562545,3.480401686203056,3.525821609251112,3.5716953027309244,3.62803486972892,3.7137445144963785,3.746690653241902,3.8324898444078714,3.886667237483056
1768013843.6987638,181,0.8,0.8,2.5132741228718345,1.4927791732221007,1.4819850151758478,1.442789497078845,1.4171682180824792,1.4294337460558626,1.4183634267554013,1.3860992633065021,1.3750319156324617,1.3597425420674558,1.3604171072776823,1.3507749945491634,1.3247249771123863,1.3109038948359364,1.28762219540796,1.2898068903489295,1.3012186670913624,1.284989995347348,1.2744587978762745,1.2779872475202143,1.2632287382902176,1.2513878772298694,1.2473868304721047,1.2529950673404446,1.2133479464157884,1.2347990802430806,1.2210698681829242,1.2345072063933267,1.209804694716993,1.212288304343772,1.2063439326115535,1.2175589023714932,1.189421289373777,1.2054428409957683,1.1847361699828751,1.2054010067653258,1.2014807340454743,1.2137833185908358,1.2181685470336905,1.206788045752847,1.2006282735576181,1.1919309935444318,1.211077904810387,1.1921801044483995,1.1901332261003696,1.2095327873664503,1.1968765396806664,1.2093626411955603,1.2084786883426724,1.246607648353155,1.2340667888177472,1.243344181588636,1.2318198893894572,1.2588332067617156,1.2614647109417159,1.2488854874621664,1.2884831485561306,1.2717308880953166,1.2937988447486815,1.2775476501757301,1.2894119255378806,1.3106659561111926,1.315635842921799,1.3171862263336818,1.3288666897135593,1.3528032945138349,1.368799215839705,1.3665140850463295,1.3821720506325121,1.4105786956174526,1.432128968075202,1.4291008623174621,1.459896579045171,1.476414843821568,1.4928142381666425,1.5264131894041582,1.5605042647593483,1.575240715373248,1.5903471732737935,1.597124250551837,1.6272367486836459,1.6759336526203996,1.6900876495884796,1.7102194482384843,1.761735058619058,1.7741596196923963,1.8148833655978154,1.8838529207751102,1.892786187899428,1.9546430921554248,2.0044111689248707,2.0337602660585343,2.098823743058254,2.153159879832077,2.2129396962409205,2.2579963709272524,2.3413598479185445,2.405610457633491,2.4861557401111045,2.557862964560117,2.6375409404664603,2.728907652419123,2.824912980376301,2.9484276163736634,3.0549442217982885,3.003522606167048,2.999947354861696,2.9857431124570772,2.9438329883498175,2.954623791548075,2.9246992871255415,2.900519164638474,2.8950672849933508,2.9010957857681627,2.887638330254606,2.8486100145902675,2.863891654530547,2.8587634358536227,2.853314406263704,2.8148566323864475,2.8128069323336367,2.812695863110246,2.8246215858638224,2.787731558215955,2.8195924350350743,2.7993038491093567,2.787693667828929,2.8085180342052882,2.7925409937952996,2.8216259708271925,2.7890462088761185,2.800357283165961,2.8147782816043265,2.8138547401832916,2.808138869676094,2.8075545725680815,2.846985482782331,2.831974494285426,2.8641771973158923,2.8733682098163524,2.8724096050277037,2.897323970379795,2.9087176005091027,2.904239709407623,2.9343110061312743,2.94701000209015,2.9658360944337185,2.983194418592316,2.9935831005558766,3.008822037087168,3.05306393063219,3.0835498786897544,3.0854693240836597,3.095936744118269,3.147748967957399,3.1547237332473985,3.202676495453116,3.2312261702506713,3.2849531163358017,3.291700713718094,3.3544364608316304,3.365806755694183,3.4046811136236736,3.464802354344117,3.5108585212307006,3.5382368076352306,3.619313431159399,3.6617830073654876,3.71950625995454,3.757861724311064,3.82087052049758,3.9087118664620255,3.9447029589233367,3.875587726238481,3.8087144787094913,3.7520546076177816,3.720536479283565,3.6567876996784694,3.6069574517857492,3.569149023671977,3.4867718515405803,3.4676715054836555
1768013843.7004788,181,0.85,0.85,2.670353755551324,1.2864588543984745,1.2689927808734458,1.2638864207456446,1.2607808508995215,1.250468547389255,1.2354050583084666,1.240013174899802,1.2122532414336176,1.198680138617205,1.2124960373900688,1.2092116240058204,1.2088028417437386,1.1733909648888439,1.193339083425729,1.1903581300102464,1.1627371330766074,1.1886789915454121,1.180694336491122,1.1697278255178132,1.1740120991833012,1.1584712699626676,1.1727966016233426,1.1486600229713657,1.1457771385114843,1.1479678848895827,1.1408051851086163,1.1482459499418243,1.1380958292173675,1.1468769039721445,1.1552360190892053,1.147290177888262,1.153878796881462,1.172154137729506,1.1560977872660323,1.1691975813287925,1.169417338270906,1.1790124689193935,1.17417849033417,1.1528168513127752,1.1638338990511494,1.1914286768017575,1.1820643739295584,1.1849283327923639,1.2161614886285865,1.2119137689922088,1.193428053953624,1.2218421583329089,1.2390808125414934,1.2504569696649217,1.2278203418357267,1.2506944799955542,1.2530683687170503,1.2523140416802683,1.2700249923347895,1.286156751885732,1.2896332881399457,1.3087037859529822,1.3303142828943222,1.3374316806286815,1.3498775775694365,1.3839032405965914,1.381148441382514,1.3869378995772936,1.4288114983556377,1.4299147761967816,1.4443792164460858,1.4820258410151403,1.4870120985001893,1.5151671758887728,1.5345220611394335,1.5901174662439341,1.6130403787209813,1.6185221771925609,1.6389285442787431,1.6836074187325645,1.7119964055283177,1.7459318230771599,1.781840603091445,1.8443539380546108,1.8651449805192108,1.9299764702224176,1.9741699390701961,2.018024282723546,2.0441788832586516,2.09271479779164,2.153857719181105,2.2366120544360695,2.2945231613824495,2.389217066589158,2.4530048479079167,2.5468686355393424,2.6044066332249862,2.7057589239355972,2.827360535630649,2.9365376467987634,3.0572092855484048,3.0431384790852003,3.05022750110362,2.998420554485038,2.9853593789837345,2.9982923261084307,2.9731203485764905,2.945506183335048,2.9553534366039322,2.930272029166761,2.9072671242500245,2.898801404597346,2.88555921986708,2.9047192226544074,2.892635929524795,2.8763796404893403,2.8605276873588914,2.8711958319602893,2.849854865009844,2.8707333533734327,2.870665751701445,2.832982228743611,2.851334270022751,2.860892195676066,2.8422075311757675,2.8676819267880895,2.855265754222581,2.8770246510127704,2.8551239482190987,2.860972160857007,2.8905259025938643,2.8746221754854817,2.8802658994557206,2.920906515736961,2.9154046172839263,2.9205693360791094,2.9176321765010207,2.952308202743444,2.970077607043808,2.9641911682911446,2.999856896678856,2.99528816519162,3.025372397522286,3.043436079078959,3.091718050163794,3.0911569503540224,3.102682426719588,3.1431570425586965,3.188234372649391,3.180759455792691,3.2161724263300417,3.2408245798432005,3.2919158358876275,3.319786636811627,3.362262202110229,3.4065846282648526,3.4350607682742464,3.4919727105615856,3.515677663372208,3.5684109422738133,3.618408882826506,3.666598497378579,3.7173821772345437,3.772959961841731,3.841180676875964,3.9064839580420787,3.970865555628068,4.000977825866886,3.9640676499015317,3.907372189423921,3.8285974699118204,3.761556612936136,3.7311377663639202,3.664896600681787,3.6206954638265993,3.5489486346139922,3.5381013773670564,3.4728558055380674,3.4180759064476764,3.405945465227348,3.3580424632518806,3.335766104792166,3.2812157556516026,3.269485629239708,3.2455733425441298,3.1950945776377186
1768013843.701115,181,0.9,0.9,2.827433388230814,1.1610497100178931,1.1515552265476034,1.1445459645688798,1.1452764826951252,1.1388433894636945,1.1462310059777197,1.1191636705034518,1.1205277898536896,1.1071693994254754,1.1318782905201143,1.1275345700041033,1.0927031709956494,1.118190463518375,1.0993476575473187,1.1002213938271466,1.1117435011875116,1.0849999601566493,1.080232808365372,1.1163606143535225,1.0859399645592578,1.0831609053769142,1.0948475179699144,1.0977413910735567,1.092519640261791,1.0927238642783539,1.0941442893829414,1.0982531317969884,1.124640210548053,1.1321622540450855,1.1071098595918332,1.1198816917849024,1.1471406748127257,1.1503064280238258,1.1264275734897355,1.1461386865323033,1.1633522428896967,1.1461165450658373,1.1537665913641213,1.155219770687904,1.175131094102338,1.1701543069291014,1.1946451819202704,1.1921207628311512,1.2111249900565728,1.214012260596769,1.2172519304572922,1.2291635492467754,1.2571161229727603,1.259236355718558,1.299357476861738,1.3058527240453837,1.3067129630593108,1.339069309893676,1.342037626597681,1.3517547133694976,1.3857602393771071,1.3962782020292919,1.433948736445204,1.4444026401478125,1.453225259486358,1.4963573607428737,1.4983987861296637,1.5361933693394894,1.57462278856821,1.5897795228245508,1.6302196647095317,1.6503142386277756,1.6652597498468416,1.7117554013840612,1.7424303501844907,1.800278374959391,1.8092594930257826,1.8787174089338243,1.9298405375832055,1.9754959597643071,2.026805069280379,2.0763235318867332,2.1308659225241073,2.1813928062993777,2.2668271321516644,2.3271743101718565,2.438563544217169,2.528766137188123,2.5991653178963703,2.711547474281208,2.7966511990038345,2.949971828535788,3.0881080519299973,3.0887966647675293,3.066117883711599,3.032463438524947,3.0363331546756305,3.029452977657317,3.0191048596461267,2.996978792523637,2.9892433637812683,2.9500012044314508,2.9348116891038663,2.9561632958767845,2.9493458328846045,2.9394712881831913,2.9240010196156083,2.9226772681831794,2.901471984673126,2.913920624949024,2.9195443157813186,2.914300990245481,2.8954508653261186,2.9158208607264613,2.912401556160443,2.882936284024544,2.917806036290403,2.8880436927106654,2.9276517447598804,2.9231217175592015,2.9212797323376343,2.932126795008544,2.9328274718321063,2.9296381576517043,2.9710178420726474,2.949379803283499,2.9742371606460676,2.9911118799502834,2.9935310600401777,3.0333568810593654,3.040022853037161,3.0475948603270373,3.049387444126333,3.0937179892526734,3.0978499713765975,3.137475144284201,3.1514263314934507,3.1900792105208695,3.1974429601022734,3.2104556305849123,3.236420513345406,3.2723293139372953,3.317883023426086,3.3671577103045616,3.400340424647624,3.4328624648918638,3.4604351594175844,3.492849031424725,3.530558289941967,3.5719474354410443,3.621595234360847,3.6604900470511263,3.7411428902487853,3.802137699530814,3.8524976601350107,3.8897380836679867,3.9509498587643255,3.994902494739347,3.9810902664198036,3.9899344882118566,3.968719239901517,3.8839565037537156,3.8513437810500504,3.777070346191249,3.7205025753448404,3.6708532814534314,3.6286893957980024,3.571351597022244,3.527759243591848,3.5121773106489567,3.451872866520107,3.435016185563589,3.388645155921649,3.3667164585660196,3.3173311855658665,3.3034055628966534,3.2548094624240527,3.2187058641085375,3.217584386926409,3.185577343902987,3.144654109791411,3.139244197019517,3.087681907610313,3.08300708531183,3.0540729310267407,3.0474140308906055
1768013843.7018185,181,0.95,0.95,2.9845130209103035,1.056001187084815,1.058318937066534,1.0686983763487101,1.0531534552499753,1.038984930560854,1.0547734359222314,1.0463783023829292,1.060724807076419,1.0347201247828433,1.0430463338564435,1.0550991557798224,1.0450251082562587,1.0322092725009462,1.0590154952146171,1.0583562363486112,1.0555583339105863,1.0542776346319525,1.0714169884961213,1.0683177824598575,1.0711914649999137,1.0513317932700996,1.0709475046007917,1.0716555817626667,1.063762566248586,1.0971151429375403,1.0861505064382118,1.1072699309000444,1.0846527797348287,1.122000949448395,1.1108823032120785,1.1236229972677507,1.1508897193661667,1.1512594480515785,1.136686363473751,1.1733788926144573,1.179605008368942,1.1813024731592803,1.2005282364971244,1.1982729923958169,1.215024556400126,1.2253927369081545,1.2231831625759548,1.2474985034202732,1.2684839135834773,1.2634622119482504,1.279420119803169,1.3257741623555415,1.3169566829768184,1.3478079147580955,1.3817260592223146,1.4034601250300889,1.4151172958910738,1.4173701683595468,1.4475754722802994,1.4704662854866692,1.5117641620538893,1.5291417096426074,1.549240294065315,1.6138496988038802,1.6534729003911566,1.66958155288636,1.6985494144055284,1.7536162110057667,1.79478613820938,1.8226249079811017,1.878528843244917,1.9303430114306213,1.9810427352191018,2.0303901222416108,2.110199562716273,2.1824195975971943,2.224407955101833,2.306331393067996,2.388032533321609,2.4961366436312558,2.5886052794254857,2.672638769364846,2.8026113964318746,2.9241957694307357,3.062765735162205,3.1253891725786835,3.102120806043321,3.082653880847025,3.0698619947517045,3.0389613341901716,3.0502542571419067,3.014527510059358,3.0002682869021617,2.9904612279668994,3.0146562603746654,2.9991659852975485,2.9840105608194705,2.9740658493966112,2.9637588732163476,2.9603469540808662,2.9493180881281287,2.950145112966716,2.938358335583962,2.9648190217954786,2.961950596414207,2.9603158594059678,2.9323856540312083,2.9545321824087574,2.9485998961733393,2.9760903722077163,2.9723948302688665,2.968642239458941,2.984550792028594,2.9884141654038374,3.004296513704606,2.9884960349568015,3.0304038541007348,3.0104052787199476,3.0463083847389876,3.070748800181003,3.088241374186024,3.0946659524125266,3.088827921507108,3.136363961880712,3.1226940470338054,3.1701195678825482,3.185018445455956,3.223273318365142,3.2346496707502417,3.272007525706136,3.2728491631200223,3.3065070597521307,3.356247451966248,3.3558720642900655,3.4029593556413515,3.437930226428479,3.475474742346909,3.502384277110033,3.5674641012078077,3.616149088262706,3.6556831722057104,3.712023853649038,3.7407182940856547,3.792055601197393,3.8650323687001085,3.9182741450622047,3.9593483054670937,4.004791351934271,3.980102975148019,4.018194962273242,4.012222577493564,4.0030999343616145,3.9593208533129234,3.9092651773322347,3.8696859064117297,3.7900323598800814,3.7344605358226866,3.69065663222971,3.640827619319113,3.601430385774899,3.541900815312632,3.5099687528192587,3.4924420536566303,3.4381275133172897,3.3888772533214264,3.360378032905566,3.327844927641017,3.297277701411544,3.2919405275897016,3.265182638140913,3.226954138040121,3.205706591663989,3.193464274825882,3.1408375392157835,3.1590974824586335,3.1288376260597675,3.116441129499926,3.075357822323749,3.0559860338236775,3.062931207085862,3.0476634715817754,3.0415447162227935,3.028363349175586,3.021789795485658,2.9885460626974543,2.9886731986553996
